zip,beds,baths,sqft,price,Mon,Thu,Tue,Wed,type_Multi-Family,type_Residential
95838,2,1,836,59222,0,0,0,1,0,1
95823,3,1,1167,68212,0,0,0,1,0,1
95815,2,1,796,68880,0,0,0,1,0,1
95815,2,1,852,69307,0,0,0,1,0,1
95824,2,1,797,81900,0,0,0,1,0,1
95841,3,1,1122,89921,0,0,0,1,0,0
95842,3,2,1104,90895,0,0,0,1,0,1
95820,3,1,1177,91002,0,0,0,1,0,1
95670,2,2,941,94905,0,0,0,1,0,0
95673,3,2,1146,98937,0,0,0,1,0,1
95838,3,2,909,100309,0,0,0,1,0,1
95823,3,2,1289,106250,0,0,0,1,0,1
95815,1,1,871,106852,0,0,0,1,0,1
95822,3,1,1020,107502,0,0,0,1,0,1
95842,2,2,1022,108750,0,0,0,1,0,1
95842,2,2,1134,110700,0,0,0,1,0,0
95673,2,1,844,113263,0,0,0,1,0,1
95621,2,1,795,116250,0,0,0,1,0,0
95833,2,1,588,120000,0,0,0,1,0,1
95673,3,2,1356,121630,0,0,0,1,0,1
95621,3,2,1118,122000,0,0,0,1,0,1
95823,4,2,1329,122682,0,0,0,1,0,1
95660,4,2,1240,123000,0,0,0,1,0,1
95834,3,2,1601,124100,0,0,0,1,0,1
95660,3,2,901,125000,0,0,0,1,0,1
95843,3,2,1088,126640,0,0,0,1,0,1
95820,3,1,963,127281,0,0,0,1,0,1
95832,3,2,1119,129000,0,0,0,1,0,1
95827,4,2,1380,131200,0,0,0,1,0,1
95828,3,2,1248,132000,0,0,0,1,0,1
95758,2,2,1039,133000,0,0,0,1,0,0
95660,3,2,1152,134555,0,0,0,1,0,1
95827,3,2,1380,136500,0,0,0,1,0,1
95626,3,2,1116,138750,0,0,0,1,0,1
95758,2,2,1039,141000,0,0,0,1,0,0
95823,3,2,1418,146250,0,0,0,1,0,1
95660,3,2,1082,147308,0,0,0,1,0,1
95823,4,2,1472,148750,0,0,0,1,0,1
95828,4,2,1146,149593,0,0,0,1,0,1
95825,1,1,760,150000,0,0,0,1,0,0
95835,2,2,1304,152000,0,0,0,1,0,0
95822,3,2,1207,154000,0,0,0,1,0,1
95624,3,2,1056,156896,0,0,0,1,0,1
95843,2,2,1043,161250,0,0,0,1,0,1
95660,4,2,1587,161500,0,0,0,1,0,1
95833,4,1,1120,164000,0,0,0,1,0,1
95823,4,2,1580,165000,0,0,0,1,0,1
95823,4,1,1955,166357,0,0,0,1,0,1
95838,4,2,1656,166357,0,0,0,1,0,1
95823,3,2,1477,168000,0,0,0,1,0,1
95624,3,2,1188,170000,0,0,0,1,0,1
95828,4,2,1590,173000,0,0,0,1,0,1
95823,3,2,1463,174250,0,0,0,1,0,1
95828,4,2,1714,174313,0,0,0,1,0,1
95823,3,2,1185,178480,0,0,0,1,0,1
95632,3,2,1406,178760,0,0,0,1,0,1
95842,4,2,1943,179580,0,0,0,1,1,0
95826,3,2,1172,181000,0,0,0,1,0,1
95608,3,1,1152,181872,0,0,0,1,0,1
95823,4,3,1851,182587,0,0,0,1,0,1
95843,3,2,1215,182716,0,0,0,1,0,1
95632,3,2,1130,182750,0,0,0,1,0,1
95662,4,2,1603,183200,0,0,0,1,0,1
95632,3,1,1479,188741,0,0,0,1,0,1
95823,3,2,1420,189000,0,0,0,1,0,1
95826,3,2,1280,192067,0,0,0,1,0,1
95758,3,2,1586,194000,0,0,0,1,0,1
95843,3,2,1362,194818,0,0,0,1,0,1
95828,4,4,2162,195000,0,0,0,1,1,0
95823,3,2,1266,198000,0,0,0,1,0,1
95624,4,2,1715,199500,0,0,0,1,0,1
95630,3,2,1820,200000,0,0,0,1,0,1
95608,3,1,936,200000,0,0,0,1,0,1
95834,3,2,1511,208000,0,0,0,1,0,1
95823,4,2,1590,212864,0,0,0,1,0,1
95758,4,2,1596,221000,0,0,0,1,0,1
95835,2,2,1341,221000,0,0,0,1,0,1
95624,5,3,2136,223058,0,0,0,1,0,1
95624,4,2,1616,227887,0,0,0,1,0,1
95823,3,2,1478,231477,0,0,0,1,0,1
95670,3,2,1287,234697,0,0,0,1,0,1
95621,4,2,1277,235000,0,0,0,1,0,1
95833,4,2,1448,236000,0,0,0,1,0,1
95829,4,3,2235,236685,0,0,0,1,0,1
95655,3,2,2093,237800,0,0,0,1,0,1
95673,3,2,1193,240122,0,0,0,1,0,1
95757,3,2,2163,242638,0,0,0,1,0,1
95828,3,2,1269,244000,0,0,0,1,0,1
95828,3,1,958,244960,0,0,0,1,0,1
95624,5,3,2508,245918,0,0,0,1,0,1
95621,3,2,1305,250000,0,0,0,1,0,1
95758,4,2,1591,250000,0,0,0,1,0,1
95608,2,2,1326,250134,0,0,0,1,0,0
95757,3,2,1843,254200,0,0,0,1,0,1
95841,4,2,1921,254200,0,0,0,1,0,1
95758,5,3,2790,258000,0,0,0,1,0,1
95835,3,2,1541,260000,0,0,0,1,0,1
95820,3,1,1018,260014,0,0,0,1,0,1
95834,3,2,1672,265000,0,0,0,1,0,0
95726,3,2,1380,265000,0,0,0,1,0,1
95822,3,1,975,271742,0,0,0,1,0,1
95829,4,3,2372,273750,0,0,0,1,0,1
95822,3,2,1446,275086,0,0,0,1,0,1
95726,2,2,1284,280908,0,0,0,1,0,1
95832,4,3,3009,280987,0,0,0,1,0,1
95826,8,4,3612,282400,0,0,0,1,1,0
95758,4,2,2056,285000,0,0,0,1,0,1
95624,4,2,1993,287417,0,0,0,1,0,1
95757,3,2,1857,291000,0,0,0,1,0,1
95818,2,1,1126,292024,0,0,0,1,0,1
95827,4,4,2213,297000,0,0,0,1,1,0
95758,5,3,2494,297000,0,0,0,1,0,1
95757,3,2,1843,298000,0,0,0,1,0,1
95670,2,2,1520,299000,0,0,0,1,0,1
95835,5,3,2800,304037,0,0,0,1,0,1
95624,4,2,2309,311000,0,0,0,1,0,1
95827,5,3,2367,315537,0,0,0,1,0,1
95742,5,4,3516,320000,0,0,0,1,0,1
95826,4,3,1914,328360,0,0,0,1,0,1
95662,2,1,1690,334150,0,0,0,1,0,1
95757,3,3,2725,335750,0,0,0,1,0,1
95757,4,3,2354,335750,0,0,0,1,0,1
95630,3,2,2185,344250,0,0,0,1,0,1
95758,4,2,1801,346210,0,0,0,1,0,1
95823,3,3,1961,347029,0,0,0,1,0,1
95757,4,2,3134,347650,0,0,0,1,0,1
95823,4,3,1915,351300,0,0,0,1,0,1
95683,4,3,2734,370500,0,0,0,1,0,1
95693,3,2,2110,372000,0,0,0,1,0,1
95757,5,3,3164,375000,0,0,0,1,0,1
95835,5,3,3599,381300,0,0,0,1,0,1
95831,4,2,2054,381942,0,0,0,1,0,1
95843,4,2,1830,387731,0,0,0,1,0,1
95814,3,3,1627,391000,0,0,0,1,0,1
95757,4,3,3440,394470,0,0,0,1,0,1
95635,3,2,2846,395000,0,0,0,1,0,1
95624,4,3,2359,400186,0,0,0,1,0,1
95831,3,3,2052,415000,0,0,0,1,0,1
95757,5,3,3433,425000,0,0,0,1,0,1
95742,5,3,3615,430000,0,0,0,1,0,1
95630,5,3,2687,460000,0,0,0,1,0,1
95757,4,3,2724,461000,0,0,0,1,0,1
95757,4,3,3440,489332,0,0,0,1,0,1
95757,5,4,3508,510000,0,0,0,1,0,1
95630,4,2,2462,539000,0,0,0,1,0,1
95864,3,3,2325,660000,0,0,0,1,0,1
95621,2,1,795,69000,0,0,1,0,0,0
95817,4,2,1099,70000,0,0,1,0,0,1
95624,2,1,840,71000,0,0,1,0,0,0
95815,2,1,800,78000,0,0,1,0,0,1
95824,2,1,746,78400,0,0,1,0,0,1
95822,3,1,1067,80000,0,0,1,0,0,1
95815,4,2,1316,89000,0,0,1,0,0,1
95815,3,1,1337,90000,0,0,1,0,0,1
95824,2,1,868,90000,0,0,1,0,0,1
95824,3,1,924,92000,0,0,1,0,0,1
95820,2,1,610,93675,0,0,1,0,0,1
95815,2,1,1220,98000,0,0,1,0,0,1
95758,1,1,722,98000,0,0,1,0,0,0
95864,3,1,1643,99000,0,0,1,0,0,1
95758,1,1,722,100000,0,0,1,0,0,0
95632,3,1,1080,106716,0,0,1,0,0,1
95820,3,1,1039,111000,0,0,1,0,0,1
95660,3,1,1051,111000,0,0,1,0,0,1
95842,2,2,967,114800,0,0,1,0,0,1
95670,3,1,1098,120108,0,0,1,0,0,1
95824,3,1,1050,123225,0,0,1,0,0,1
95838,3,2,1110,123750,0,0,1,0,0,1
95660,3,1,888,125000,0,0,1,0,0,1
95822,3,2,1120,125000,0,0,1,0,0,1
95626,3,2,1080,126000,0,0,1,0,0,1
95660,3,1,957,129000,0,0,1,0,0,1
95838,2,1,952,134000,0,0,1,0,0,1
95838,3,2,1211,135000,0,0,1,0,0,1
95815,3,2,1264,135500,0,0,1,0,0,1
95833,3,1,1080,140000,0,0,1,0,0,1
95632,3,2,1266,140000,0,0,1,0,0,1
95628,2,2,994,142500,0,0,1,0,0,0
95834,3,2,1202,143500,0,0,1,0,0,1
95820,2,1,722,145000,0,0,1,0,0,1
95828,4,2,1448,145000,0,0,1,0,0,1
95828,3,2,1188,145000,0,0,1,0,0,1
95660,4,2,1183,146000,0,0,1,0,0,1
95822,3,1,1320,148500,0,0,1,0,0,1
95828,3,2,1117,149000,0,0,1,0,0,1
95828,3,2,1364,150000,0,0,1,0,0,1
95823,4,2,1310,150000,0,0,1,0,0,1
95758,2,2,1006,152000,0,0,1,0,0,1
95621,3,2,1104,156000,0,0,1,0,0,1
95825,2,1,810,156000,0,0,1,0,0,1
95624,2,2,1123,156000,0,0,1,0,0,1
95842,2,1,904,157788,0,0,1,0,0,1
95621,3,2,1156,161653,0,0,1,0,0,1
95820,2,1,1321,161829,0,0,1,0,0,1
95843,3,2,1392,165000,0,0,1,0,0,1
95823,3,2,1439,168000,0,0,1,0,0,1
95842,3,2,1159,169000,0,0,1,0,0,1
95670,3,2,1671,175000,0,0,1,0,0,1
95823,3,2,1740,176250,0,0,1,0,0,1
95823,3,2,1265,179000,0,0,1,0,0,1
95843,2,2,1007,180000,0,0,1,0,0,1
95758,3,2,1716,180400,0,0,1,0,0,1
95758,4,2,1685,182000,0,0,1,0,0,1
95670,4,2,1829,184500,0,0,1,0,0,1
95758,3,2,1555,185000,0,0,1,0,0,1
95608,4,2,1120,189000,0,0,1,0,0,1
95621,3,2,1137,194000,0,0,1,0,0,1
95826,3,1,1174,195000,0,0,1,0,0,1
95843,3,2,1393,200000,0,0,1,0,0,1
95828,3,2,1289,205000,0,0,1,0,0,1
95838,4,2,1799,205000,0,0,1,0,0,1
95823,4,3,1953,205000,0,0,1,0,0,1
95820,2,1,723,207000,0,0,1,0,0,1
95667,2,1,948,211500,0,0,1,0,0,1
95621,4,2,1578,215000,0,0,1,0,0,1
95610,3,2,1317,215000,0,0,1,0,0,1
95824,3,1,1360,222381,0,0,1,0,0,1
95833,3,2,1522,225000,0,0,1,0,0,1
95825,4,2,1751,225000,0,0,1,0,0,1
95624,3,2,1465,225000,0,0,1,0,0,1
95826,4,2,1605,228000,0,0,1,0,0,1
95673,4,2,1475,229665,0,0,1,0,0,1
95722,3,1,1216,230000,0,0,1,0,0,1
95628,2,2,1315,230000,0,0,1,0,0,1
95757,3,2,1567,230000,0,0,1,0,0,1
95835,3,2,1776,234000,0,0,1,0,0,1
95835,3,2,2187,235000,0,0,1,0,0,1
95822,3,1,1291,236250,0,0,1,0,0,1
95842,3,2,1503,245000,0,0,1,0,0,1
95828,4,3,2491,245000,0,0,1,0,0,1
95816,2,1,1269,245000,0,0,1,0,0,1
95662,3,2,1176,250000,0,0,1,0,0,1
95662,4,2,1456,250000,0,0,1,0,0,1
95678,3,2,1498,250000,0,0,1,0,0,1
95843,3,2,1574,255000,0,0,1,0,0,1
95610,5,4,2085,256054,0,0,1,0,1,0
95829,3,2,2170,257729,0,0,1,0,0,1
95758,4,2,1595,260000,0,0,1,0,0,1
95843,3,2,1567,261000,0,0,1,0,0,1
95822,4,2,1253,264469,0,0,1,0,0,1
95843,4,3,1768,265000,0,0,1,0,0,1
95835,4,3,2030,270000,0,0,1,0,0,1
95835,3,2,1531,270000,0,0,1,0,0,1
95624,4,3,1653,275000,0,0,1,0,0,1
95758,4,2,2056,275000,0,0,1,0,0,1
95624,4,3,2494,280000,0,0,1,0,0,1
95628,3,2,1450,286013,0,0,1,0,0,1
95834,4,2,2169,292000,0,0,1,0,0,1
95747,3,2,1440,292000,0,0,1,0,0,1
95628,3,2,1527,293993,0,0,1,0,0,1
95678,3,2,1401,294000,0,0,1,0,0,1
95838,3,2,1411,296769,0,0,1,0,0,1
95673,3,1,1284,300000,0,0,1,0,0,1
95632,4,3,2307,300000,0,0,1,0,0,1
95667,3,2,1329,300000,0,0,1,0,0,1
95835,4,2,1910,300500,0,0,1,0,0,1
95670,3,2,1981,305000,0,0,1,0,0,1
95823,4,2,2205,319789,0,0,1,0,0,1
95648,2,2,1449,330000,0,0,1,0,0,1
95630,3,2,1258,330000,0,0,1,0,0,1
95757,3,2,2575,331000,0,0,1,0,0,1
95820,2,1,539,334000,0,0,1,0,0,1
95670,4,3,2208,336000,0,0,1,0,0,1
95819,3,1,1108,339000,0,0,1,0,0,1
95630,4,2,1595,339000,0,0,1,0,0,1
95632,4,2,2159,345000,0,0,1,0,0,1
95667,4,3,2295,350000,0,0,1,0,0,1
95678,3,2,1838,356000,0,0,1,0,0,1
95823,4,2,1900,361745,0,0,1,0,0,1
95811,4,2,1718,361948,0,0,1,0,0,1
95757,5,3,3389,370000,0,0,1,0,0,1
95757,5,4,3260,385000,0,0,1,0,0,1
95682,3,2,2016,399000,0,0,1,0,0,1
95765,4,2,2607,402000,0,0,1,0,0,1
95757,4,3,2724,406026,0,0,1,0,0,1
95632,5,4,3746,420000,0,0,1,0,0,1
95683,4,2,3192,425000,0,0,1,0,0,1
95811,2,1,1247,445000,0,0,1,0,0,1
95630,4,2,2581,450000,0,0,1,0,0,1
95841,3,1,2068,460000,0,0,1,0,0,1
95624,4,3,3992,460000,0,0,1,0,0,1
95835,4,4,3397,465000,0,0,1,0,0,1
95835,5,3,3881,471750,0,0,1,0,0,1
95608,2,2,1598,484000,0,0,1,0,0,1
95667,4,3,1929,485000,0,0,1,0,0,1
95757,4,3,3070,495000,0,0,1,0,0,1
95829,5,3,3984,572500,0,0,1,0,0,1
95608,4,2,2222,582000,0,0,1,0,0,1
95661,4,3,3838,613401,0,0,1,0,0,1
95628,5,5,2846,680000,0,0,1,0,0,1
95819,5,2,2484,699000,0,0,1,0,0,1
95650,4,4,1624,839000,0,0,1,0,0,1
95842,2,1,840,40000,1,0,0,0,0,0
95825,1,1,484,48000,1,0,0,0,0,0
95815,3,1,970,61500,1,0,0,0,0,1
95817,2,1,623,62050,1,0,0,0,0,1
95820,2,1,932,65000,1,0,0,0,0,1
95838,2,1,796,65000,1,0,0,0,0,1
95820,2,1,834,68000,1,0,0,0,0,1
95820,2,1,834,68000,1,0,0,0,0,1
95841,2,1,924,77000,1,0,0,0,0,0
95842,2,1,795,82732,1,0,0,0,0,0
95838,3,1,1250,84000,1,0,0,0,0,1
95820,2,1,984,84675,1,0,0,0,0,1
95828,3,1,1013,85000,1,0,0,0,0,1
95822,3,1,1012,90000,1,0,0,0,0,1
95826,2,1,795,90000,1,0,0,0,0,0
95838,2,2,918,91000,1,0,0,0,0,1
95838,3,1,1082,95000,1,0,0,0,0,1
95842,2,1,964,97500,1,0,0,0,0,1
95815,4,2,1404,100000,1,0,0,0,1,0
95826,1,1,625,100000,1,0,0,0,0,0
95621,2,1,888,101000,1,0,0,0,0,1
95815,4,2,1120,102750,1,0,0,0,0,1
95660,3,1,1331,112500,1,0,0,0,0,1
95821,3,1,1014,113000,1,0,0,0,0,1
95820,4,2,1448,114000,1,0,0,0,0,1
95838,3,1,966,114000,1,0,0,0,0,1
95823,2,1,779,114750,1,0,0,0,0,1
95843,2,2,836,115000,1,0,0,0,0,0
95678,2,2,1100,115000,1,0,0,0,0,0
95832,3,1,1174,116100,1,0,0,0,0,1
95660,3,2,1207,119250,1,0,0,0,0,1
95828,4,4,1995,120000,1,0,0,0,1,0
95820,2,1,804,120000,1,0,0,0,0,1
95834,2,2,958,120000,1,0,0,0,0,0
95823,3,2,1366,120108,1,0,0,0,0,1
95823,2,2,901,121500,1,0,0,0,0,1
95815,3,1,696,121725,1,0,0,0,0,1
95632,3,2,1080,122000,1,0,0,0,0,1
95822,3,2,1104,123000,1,0,0,0,0,1
95825,2,1,972,125000,1,0,0,0,0,1
95833,4,2,1390,125573,1,0,0,0,0,1
95626,4,2,1354,126714,1,0,0,0,0,1
95826,2,1,795,126960,1,0,0,0,0,0
95678,2,1,780,127000,1,0,0,0,0,0
95828,4,2,1587,127500,1,0,0,0,0,1
95660,3,2,1209,130000,1,0,0,0,0,1
95824,2,1,1139,133105,1,0,0,0,0,1
95673,2,2,1690,136500,1,0,0,0,0,1
95608,3,2,1245,139500,1,0,0,0,0,0
95626,3,2,1416,140000,1,0,0,0,0,1
95832,3,2,1300,140800,1,0,0,0,0,1
95822,3,2,1120,145000,1,0,0,0,0,1
95828,4,2,1590,147000,1,0,0,0,0,1
95828,3,2,1407,149600,1,0,0,0,0,1
95820,5,2,1516,150000,1,0,0,0,0,1
95822,3,2,1646,150000,1,0,0,0,0,1
95823,3,2,1676,155000,1,0,0,0,0,1
95838,3,2,1370,155435,1,0,0,0,0,1
95838,3,2,1370,155500,1,0,0,0,0,1
95621,4,2,1351,158000,1,0,0,0,0,1
95660,3,2,1152,158000,1,0,0,0,0,1
95823,3,2,1452,160000,1,0,0,0,0,1
95678,2,1,990,160000,1,0,0,0,0,1
95621,2,2,1162,164000,1,0,0,0,0,1
95673,3,2,1182,164000,1,0,0,0,0,1
95758,2,2,1112,165000,1,0,0,0,0,1
95632,3,2,1100,167000,1,0,0,0,0,1
95621,4,2,1280,167293,1,0,0,0,0,1
95621,4,2,1280,167293,1,0,0,0,0,1
95820,3,1,1039,168000,1,0,0,0,0,1
95842,3,2,1159,170000,1,0,0,0,0,1
95833,4,2,1917,170000,1,0,0,0,0,1
95827,3,2,1520,170000,1,0,0,0,0,1
95632,3,2,1204,174000,1,0,0,0,0,1
95841,3,2,1120,178000,1,0,0,0,0,1
95823,3,2,1436,180000,1,0,0,0,0,1
95826,3,2,1451,180000,1,0,0,0,0,1
95828,4,2,1638,180000,1,0,0,0,0,1
95608,2,2,1000,182000,1,0,0,0,0,0
95661,3,1,1152,188325,1,0,0,0,0,1
95747,3,2,1154,191500,1,0,0,0,0,1
95838,3,2,1353,192000,1,0,0,0,0,1
95621,3,2,1329,192700,1,0,0,0,0,1
95826,3,1,1356,195000,1,0,0,0,0,1
95838,3,2,1505,197654,1,0,0,0,0,1
95842,3,1,1009,198000,1,0,0,0,0,1
95823,3,2,1144,200345,1,0,0,0,0,1
95864,2,1,930,203000,1,0,0,0,0,1
95841,4,2,1766,207000,1,0,0,0,0,1
95828,4,3,1940,208000,1,0,0,0,0,1
95758,4,2,1776,210000,1,0,0,0,0,1
95621,3,1,1258,212000,1,0,0,0,0,1
95828,4,2,1872,213675,1,0,0,0,0,1
95758,2,2,1112,213697,1,0,0,0,0,1
95833,4,2,1856,215000,1,0,0,0,0,1
95816,4,3,1939,215000,1,0,0,0,0,1
95678,3,1,998,215100,1,0,0,0,0,1
95678,3,2,1758,217500,1,0,0,0,0,1
95838,3,2,2142,218000,1,0,0,0,0,1
95831,2,1,950,220000,1,0,0,0,0,1
95758,4,3,1739,221000,1,0,0,0,0,1
95624,3,2,1516,222900,1,0,0,0,0,1
95843,3,1,988,223139,1,0,0,0,0,1
95632,4,2,1555,225500,1,0,0,0,0,1
95820,3,2,1212,228327,1,0,0,0,0,1
95833,4,2,1871,230000,1,0,0,0,0,1
95828,3,2,1302,230000,1,0,0,0,0,1
95841,2,1,756,230522,1,0,0,0,0,0
95843,4,3,2026,231200,1,0,0,0,0,1
95831,3,2,1375,232000,1,0,0,0,0,1
95834,2,2,1250,232500,1,0,0,0,0,0
95822,3,1,1058,233641,1,0,0,0,0,1
95843,3,2,1187,234000,1,0,0,0,0,1
95831,2,2,1324,234500,1,0,0,0,0,1
95828,4,3,1936,235000,1,0,0,0,0,1
95670,5,4,2382,236000,1,0,0,0,1,0
95630,3,2,1427,236073,1,0,0,0,0,1
95835,3,2,1678,238000,1,0,0,0,0,0
95632,4,2,1798,238861,1,0,0,0,0,1
95843,4,3,2652,239700,1,0,0,0,0,1
95829,4,2,1816,240000,1,0,0,0,0,1
95834,5,3,3076,240000,1,0,0,0,0,1
95758,4,2,1844,241000,1,0,0,0,0,1
95823,3,2,1306,245000,1,0,0,0,0,1
95833,4,3,2447,246000,1,0,0,0,0,1
95828,4,2,1176,247234,1,0,0,0,0,1
95673,4,2,1182,247480,1,0,0,0,0,1
95673,3,1,1160,249862,1,0,0,0,0,1
95835,3,2,1424,251000,1,0,0,0,0,1
95662,4,2,1574,252155,1,0,0,0,0,1
95843,3,2,1830,254172,1,0,0,0,0,1
95624,4,2,1724,258000,1,0,0,0,0,1
95603,2,2,1255,260000,1,0,0,0,0,0
95835,4,3,2175,261000,1,0,0,0,0,1
95835,4,2,1904,261000,1,0,0,0,0,1
95762,4,2,1808,262500,1,0,0,0,0,1
95742,4,2,2711,266000,1,0,0,0,0,1
95608,3,1,1713,266000,1,0,0,0,0,1
95757,3,2,1457,270000,1,0,0,0,0,1
95757,4,3,2724,274425,1,0,0,0,0,1
95828,3,2,1468,275336,1,0,0,0,0,1
95835,4,3,2550,277980,1,0,0,0,0,1
95632,4,2,1928,280000,1,0,0,0,0,1
95814,3,3,1922,284686,1,0,0,0,0,1
95621,3,2,1343,284893,1,0,0,0,0,1
95677,3,2,1510,285000,1,0,0,0,0,1
95603,2,2,960,285000,1,0,0,0,1,0
95608,4,2,1559,285000,1,0,0,0,0,1
95623,3,2,1624,289000,1,0,0,0,0,1
95832,5,3,2992,295000,1,0,0,0,0,1
95758,4,2,2109,296000,1,0,0,0,0,1
95670,4,2,1524,296056,1,0,0,0,0,1
95828,3,2,1248,297359,1,0,0,0,0,1
95823,4,2,1876,299940,1,0,0,0,0,1
95670,4,3,1851,305000,1,0,0,0,0,1
95835,4,2,2218,311328,1,0,0,0,0,1
95828,3,2,1394,313138,1,0,0,0,0,1
95828,3,2,1410,316630,1,0,0,0,0,1
95758,5,3,3468,320000,1,0,0,0,0,1
95843,5,3,2346,320000,1,0,0,0,0,1
95843,5,3,2347,325000,1,0,0,0,0,1
95834,4,2,1659,328578,1,0,0,0,0,1
95757,3,3,2442,331000,1,0,0,0,0,1
95833,4,2,2155,340000,1,0,0,0,0,1
95828,3,2,1810,345746,1,0,0,0,0,1
95757,4,2,2789,351000,1,0,0,0,0,1
95632,4,2,1606,353767,1,0,0,0,0,1
95835,4,2,2166,356035,1,0,0,0,0,1
95835,4,2,1871,360552,1,0,0,0,0,1
95835,3,2,1800,362305,1,0,0,0,0,1
95817,3,1,1683,365000,1,0,0,0,0,1
95765,2,2,1596,370000,1,0,0,0,0,1
95757,3,2,1179,378000,1,0,0,0,0,1
95818,3,1,1639,388000,1,0,0,0,0,1
95742,5,3,3281,395100,1,0,0,0,0,1
95819,3,2,1697,400000,1,0,0,0,0,1
95843,4,3,2085,408431,1,0,0,0,0,1
95815,4,2,1744,416767,1,0,0,0,1,0
95630,4,3,1939,423000,1,0,0,0,0,1
95814,2,3,1788,427500,1,0,0,0,0,1
95765,3,2,1691,430922,1,0,0,0,0,1
95758,4,2,2002,445000,1,0,0,0,0,1
95757,4,4,4303,450000,1,0,0,0,0,1
95834,5,3,4246,452000,1,0,0,0,0,1
95661,3,2,2274,470000,1,0,0,0,0,1
95662,4,4,3056,475000,1,0,0,0,0,1
95758,3,3,2503,484500,1,0,0,0,0,1
95630,3,2,1905,500000,1,0,0,0,0,1
95663,3,2,1320,506688,1,0,0,0,0,1
95670,4,2,3037,528000,1,0,0,0,0,1
95693,5,2,3741,579093,1,0,0,0,0,1
95630,4,3,2660,636000,1,0,0,0,0,1
95608,4,3,3357,668365,1,0,0,0,0,1
95746,5,3,2896,676200,1,0,0,0,0,1
95667,3,2,2025,677048,1,0,0,0,0,1
95693,5,3,3788,691659,1,0,0,0,0,1
95746,5,3,3670,760000,1,0,0,0,0,1
95621,3,2,1166,30000,0,0,0,0,0,1
95823,2,1,838,55422,0,0,0,0,0,1
95660,2,1,904,63000,0,0,0,0,0,1
95815,2,1,1032,65000,0,0,0,0,0,1
95838,2,1,904,65000,0,0,0,0,0,1
95817,2,1,1080,65000,0,0,0,0,0,1
95822,2,2,990,66500,0,0,0,0,0,1
95838,2,1,900,71000,0,0,0,0,0,1
95824,2,1,861,75000,0,0,0,0,0,1
95823,2,1,906,77000,0,0,0,0,0,0
95815,2,1,1011,85000,0,0,0,0,0,1
95823,3,2,1089,95625,0,0,0,0,0,1
95815,2,1,832,96140,0,0,0,0,0,1
95822,2,1,800,104250,0,0,0,0,0,0
95842,4,2,1292,105000,0,0,0,0,0,1
95822,2,1,810,108000,0,0,0,0,0,1
95838,4,2,1064,109000,0,0,0,0,0,1
95670,2,1,911,115000,0,0,0,0,0,1
95835,1,1,846,115000,0,0,0,0,0,0
95827,3,2,1320,115500,0,0,0,0,0,1
95838,3,2,1410,115620,0,0,0,0,0,1
95670,3,2,1115,116000,0,0,0,0,0,1
95822,3,2,1169,122000,0,0,0,0,0,1
95822,3,2,1164,122500,0,0,0,0,0,1
95823,4,2,1341,123000,0,0,0,0,0,1
95838,3,2,1219,124000,0,0,0,0,0,1
95842,4,2,1127,124000,0,0,0,0,0,1
95660,3,2,1272,124413,0,0,0,0,0,1
95822,4,2,1253,125000,0,0,0,0,0,1
95828,3,2,1120,130000,0,0,0,0,0,1
95660,2,2,1118,131750,0,0,0,0,0,1
95838,4,3,1890,137721,0,0,0,0,0,1
95833,3,2,1260,137760,0,0,0,0,0,1
95823,3,2,1400,138000,0,0,0,0,0,1
95821,3,1,1264,140000,0,0,0,0,0,1
95824,3,1,1060,145000,0,0,0,0,0,1
95828,2,2,1132,145000,0,0,0,0,0,1
95823,3,2,1466,150000,0,0,0,0,0,1
95827,3,2,1092,150000,0,0,0,0,0,1
95828,4,2,1628,151000,0,0,0,0,0,1
95842,3,2,960,155000,0,0,0,0,0,1
95621,3,2,1075,155800,0,0,0,0,0,1
95826,3,2,1428,156142,0,0,0,0,0,1
95828,4,2,1358,158000,0,0,0,0,0,1
95828,6,4,2475,159900,0,0,0,0,1,0
95610,3,2,1410,160000,0,0,0,0,0,1
95843,3,2,1711,161500,0,0,0,0,0,1
95826,4,2,1483,161600,0,0,0,0,0,1
95632,3,2,1140,162000,0,0,0,0,0,1
95828,4,2,1549,165000,0,0,0,0,0,1
95828,3,2,1410,165000,0,0,0,0,0,1
95758,3,2,1240,167293,0,0,0,0,0,1
95842,5,2,1712,168000,0,0,0,0,0,1
95823,4,2,1580,168000,0,0,0,0,0,1
95843,3,2,1669,168750,0,0,0,0,0,1
95826,3,1,1029,168750,0,0,0,0,0,1
95621,3,1,1103,170000,0,0,0,0,0,1
95828,3,2,2161,170250,0,0,0,0,0,1
95823,3,2,1650,173000,0,0,0,0,0,1
95726,3,1,1320,175000,0,0,0,0,0,1
95826,3,2,1200,176095,0,0,0,0,0,1
95835,3,2,1170,176250,0,0,0,0,0,1
95621,3,2,1199,178000,0,0,0,0,0,1
95823,4,2,1695,179000,0,0,0,0,0,1
95670,3,2,1157,180000,0,0,0,0,0,1
95838,3,2,1410,180000,0,0,0,0,0,1
95678,3,2,1174,180000,0,0,0,0,0,1
95823,3,2,1593,181000,0,0,0,0,0,1
95673,3,2,1093,182000,0,0,0,0,0,1
95678,3,2,1770,182587,0,0,0,0,0,1
95822,4,2,1436,185074,0,0,0,0,0,1
95829,3,2,1124,185833,0,0,0,0,0,1
95826,4,2,1139,186785,0,0,0,0,0,1
95832,3,2,1638,187000,0,0,0,0,0,1
95833,3,2,1328,188335,0,0,0,0,0,1
95758,3,2,1273,190000,0,0,0,0,0,1
95838,3,1,1082,190000,0,0,0,0,0,1
95827,4,2,1578,190000,0,0,0,0,0,1
95661,2,1,796,190000,0,0,0,0,0,1
95823,3,2,1386,191250,0,0,0,0,0,1
95670,3,2,1452,193000,0,0,0,0,0,1
95823,3,2,1513,193500,0,0,0,0,0,1
95842,4,2,1578,195000,0,0,0,0,0,1
95610,4,3,1736,195000,0,0,0,0,0,1
95821,3,1,1473,195000,0,0,0,0,0,1
95820,3,1,1150,198000,0,0,0,0,0,1
95833,3,2,1127,199900,0,0,0,0,0,1
95628,3,1,1144,200000,0,0,0,0,0,1
95608,3,1,972,201000,0,0,0,0,0,1
95758,4,2,2306,204918,0,0,0,0,0,1
95843,3,2,1479,205000,0,0,0,0,0,1
95623,2,1,1040,205000,0,0,0,0,0,1
95838,3,2,1430,205878,0,0,0,0,0,1
95832,4,2,1800,207000,0,0,0,0,0,1
95843,4,2,1953,207744,0,0,0,0,0,1
95835,3,2,1120,209000,0,0,0,0,0,1
95834,3,2,1232,210000,0,0,0,0,0,1
95758,4,2,2329,213750,0,0,0,0,0,1
95758,3,2,1351,215000,0,0,0,0,0,1
95661,4,1,1376,215000,0,0,0,0,0,1
95619,3,2,1300,216033,0,0,0,0,0,1
95825,4,2,1566,220000,0,0,0,0,0,1
95817,2,1,1115,220000,0,0,0,0,0,1
95818,2,1,1032,220000,0,0,0,0,0,1
95621,4,2,1419,220000,0,0,0,0,0,1
95757,3,2,1261,220000,0,0,0,0,0,1
95608,2,2,1637,220702,0,0,0,0,0,1
95825,4,2,1776,221250,0,0,0,0,1,0
95758,3,2,1338,222000,0,0,0,0,0,1
95624,5,2,2254,222750,0,0,0,0,0,1
95834,3,2,1441,225000,0,0,0,0,0,1
95838,4,2,1991,225000,0,0,0,0,0,1
95829,4,3,2126,228750,0,0,0,0,0,1
95624,3,2,1094,229000,0,0,0,0,0,1
95677,3,2,1462,230095,0,0,0,0,0,1
95834,5,3,2258,232500,0,0,0,0,0,1
95670,3,2,1074,233000,0,0,0,0,0,1
95624,4,2,2111,233500,0,0,0,0,0,1
95835,3,2,1686,239000,0,0,0,0,0,1
95843,4,3,1915,240000,0,0,0,0,0,1
95624,4,2,2367,240000,0,0,0,0,0,1
95823,3,2,1962,240971,0,0,0,0,0,1
95670,2,2,1406,242000,0,0,0,0,0,1
95829,3,2,1789,243450,0,0,0,0,0,1
95835,4,2,1876,243500,0,0,0,0,0,1
95843,3,2,1235,246544,0,0,0,0,0,1
95843,4,2,2504,246750,0,0,0,0,0,1
95608,3,2,1676,247000,0,0,0,0,0,1
95621,3,2,1367,249000,0,0,0,0,0,1
95758,4,3,1899,249000,0,0,0,0,0,1
95758,3,2,1636,250000,0,0,0,0,0,1
95821,3,2,1828,250000,0,0,0,0,0,1
95826,4,2,1438,252000,0,0,0,0,0,1
95624,3,2,1451,255000,0,0,0,0,0,1
95825,3,1,1520,255000,0,0,0,0,0,1
95747,3,2,1506,255000,0,0,0,0,0,1
95835,4,2,2605,257200,0,0,0,0,0,1
95662,3,2,1196,260000,0,0,0,0,0,1
95648,3,2,1621,260000,0,0,0,0,0,1
95835,3,2,1811,263500,0,0,0,0,0,1
95757,3,2,1540,266510,0,0,0,0,0,1
95757,3,2,1543,275000,0,0,0,0,0,1
95835,5,3,2494,276000,0,0,0,0,0,1
95648,3,2,1650,276500,0,0,0,0,0,1
95632,4,3,2214,278000,0,0,0,0,0,1
95835,5,3,2280,279000,0,0,0,0,0,1
95608,3,2,1443,280000,0,0,0,0,0,1
95621,4,2,1582,280000,0,0,0,0,0,1
95757,3,2,1857,285000,0,0,0,0,0,1
95758,3,2,1735,288000,0,0,0,0,0,1
95624,4,3,2096,289000,0,0,0,0,0,1
95825,3,2,1720,290000,0,0,0,0,0,1
95843,4,2,2160,290000,0,0,0,0,0,1
95838,4,2,1382,293996,0,0,0,0,0,1
95624,4,2,1721,294173,0,0,0,0,0,1
95650,4,2,1328,295000,0,0,0,0,0,1
95624,4,2,1982,298000,0,0,0,0,0,1
95818,2,1,1144,299000,0,0,0,0,0,1
95825,2,2,1623,300000,0,0,0,0,0,1
95614,3,2,1457,300000,0,0,0,0,0,1
95624,6,3,2555,300000,0,0,0,0,0,1
95765,3,2,1577,300567,0,0,0,0,0,1
95757,5,3,2592,303000,0,0,0,0,0,1
95610,3,2,1401,305000,0,0,0,0,0,1
95608,3,2,1502,310000,0,0,0,0,0,1
95630,3,2,1327,310000,0,0,0,0,0,1
95678,4,3,1800,310000,0,0,0,0,0,1
95831,4,2,2169,311518,0,0,0,0,0,1
95648,5,3,2457,312000,0,0,0,0,0,1
95662,4,2,2004,315000,0,0,0,0,0,1
95678,4,3,2212,315000,0,0,0,0,0,1
95843,5,3,3134,315000,0,0,0,0,0,1
95864,3,2,1360,315000,0,0,0,0,0,1
95822,3,2,1276,320000,0,0,0,0,0,1
95834,4,3,2962,322000,0,0,0,0,0,1
95765,4,2,1888,325000,0,0,0,0,0,1
95632,3,2,1548,328370,0,0,0,0,0,1
95670,4,3,2109,330000,0,0,0,0,0,1
95827,4,2,2484,331200,0,0,0,0,0,1
95834,4,3,2258,332000,0,0,0,0,0,1
95835,3,3,2212,334000,0,0,0,0,0,1
95662,3,2,1616,335000,0,0,0,0,0,1
95835,4,2,2372,341000,0,0,0,0,0,1
95765,5,3,2606,346375,0,0,0,0,0,1
95757,5,3,2877,349000,0,0,0,0,0,1
95843,3,2,2960,350000,0,0,0,0,0,1
95678,3,2,2172,350000,0,0,0,0,0,1
95678,3,2,2100,350000,0,0,0,0,0,0
95831,3,2,1795,351000,0,0,0,0,0,1
95661,4,2,2295,360000,0,0,0,0,0,1
95747,4,3,2577,367463,0,0,0,0,0,1
95690,3,1,1727,380000,0,0,0,0,0,1
95758,3,2,1485,380578,0,0,0,0,0,1
95608,3,2,1655,386222,0,0,0,0,0,1
95661,3,2,2049,395500,0,0,0,0,0,1
95757,5,3,2875,397000,0,0,0,0,0,1
95762,4,2,2199,400000,0,0,0,0,0,1
95818,2,1,1304,413500,0,0,0,0,0,1
95608,3,2,2334,415000,0,0,0,0,0,1
95603,4,3,2278,420454,0,0,0,0,0,1
95819,3,1,1493,425000,0,0,0,0,0,1
95630,5,3,2787,441000,0,0,0,0,0,1
95831,5,3,2824,445000,0,0,0,0,0,1
95630,4,3,3261,446000,0,0,0,0,0,1
95821,4,2,2053,450000,0,0,0,0,0,1
95661,4,3,2379,455000,0,0,0,0,0,1
95628,3,2,3173,525000,0,0,0,0,0,1
95864,3,1,1348,545000,0,0,0,0,0,1
95816,2,1,1252,575000,0,0,0,0,0,1
95630,4,3,3229,575000,0,0,0,0,0,1
95829,5,4,3863,598695,0,0,0,0,0,1
95746,4,3,2356,600000,0,0,0,0,0,1
95747,5,3,3579,610000,0,0,0,0,0,1
95693,4,3,4400,884790,0,0,0,0,0,1
95683,3,4,5822,2000,0,0,0,0,0,1
95828,4,2,1512,56950,0,1,0,0,0,1
95826,1,1,611,60000,0,1,0,0,0,0
95823,2,1,876,61000,0,1,0,0,0,1
95842,2,1,933,62000,0,1,0,0,0,0
95820,2,1,864,68566,0,1,0,0,0,1
95838,2,1,1011,70000,0,1,0,0,0,1
95815,4,2,1158,80000,0,1,0,0,0,1
95838,3,2,1092,85500,0,1,0,0,0,1
95833,2,1,956,92000,0,1,0,0,0,0
95824,2,2,1139,93600,0,1,0,0,0,1
95822,3,1,1058,95000,0,1,0,0,0,1
95838,3,2,1040,97750,0,1,0,0,0,1
95823,3,2,1354,104000,0,1,0,0,0,1
95660,3,1,1051,105000,0,1,0,0,0,1
95825,1,1,682,107666,0,1,0,0,0,0
95824,3,1,1161,109000,0,1,0,0,0,1
95838,3,1,1004,110000,0,1,0,0,0,1
95660,3,1,1229,110000,0,1,0,0,0,1
95832,3,2,1249,112500,0,1,0,0,0,1
95832,3,2,1161,114800,0,1,0,0,0,1
95823,3,1,1010,116000,0,1,0,0,0,1
95820,4,2,1462,121500,0,1,0,0,0,1
95828,3,2,1269,122000,0,1,0,0,0,1
95820,2,2,1188,123675,0,1,0,0,0,1
95838,4,2,1570,126854,0,1,0,0,0,1
95817,3,2,1093,127059,0,1,0,0,0,1
95828,3,1,962,128687,0,1,0,0,0,1
95823,3,2,1089,129500,0,1,0,0,0,1
95824,3,2,1127,130000,0,1,0,0,0,1
95822,4,2,1309,131750,0,1,0,0,0,1
95673,2,1,970,132000,0,1,0,0,0,1
95823,3,2,1144,134000,0,1,0,0,0,1
95670,3,1,1000,134000,0,1,0,0,0,1
95843,3,2,1206,142000,0,1,0,0,0,1
95825,3,1,1285,143012,0,1,0,0,0,1
95828,3,2,1543,145846,0,1,0,0,0,1
95691,2,1,884,147000,0,1,0,0,0,1
95817,3,1,1019,148750,0,1,0,0,0,1
95823,4,2,1392,150000,0,1,0,0,0,1
95842,2,1,924,150454,0,1,0,0,0,0
95823,3,2,1217,151087,0,1,0,0,0,1
95843,3,2,1670,157296,0,1,0,0,0,1
95832,3,2,1302,157500,0,1,0,0,0,1
95823,3,2,1488,160000,0,1,0,0,0,1
95660,3,2,1373,160000,0,1,0,0,0,1
95621,4,2,1381,161250,0,1,0,0,0,1
95823,3,2,1265,164000,0,1,0,0,0,1
95818,2,1,881,165000,0,1,0,0,0,1
95829,4,2,1608,165750,0,1,0,0,0,1
95621,3,1,1344,166000,0,1,0,0,0,1
95834,3,2,1202,169000,0,1,0,0,0,1
95648,3,2,1104,170000,0,1,0,0,0,1
95828,4,2,1859,170000,0,1,0,0,1,0
95832,3,2,1232,170000,0,1,0,0,0,1
95828,3,1,1638,170725,0,1,0,0,0,1
95831,2,2,1177,171750,0,1,0,0,0,1
95833,3,2,1582,172000,0,1,0,0,0,1
95823,2,2,904,173056,0,1,0,0,0,1
95758,3,2,1340,174000,0,1,0,0,0,1
95833,3,2,1204,174250,0,1,0,0,0,1
95624,4,2,1477,176850,0,1,0,0,0,1
95823,4,2,1497,179500,0,1,0,0,0,1
95628,3,1,960,185000,0,1,0,0,0,1
95834,3,2,1428,188700,0,1,0,0,0,1
95820,3,1,1039,189000,0,1,0,0,0,1
95628,3,1,1529,189000,0,1,0,0,0,1
95621,4,3,1892,189836,0,1,0,0,0,1
95838,4,2,1887,190000,0,1,0,0,0,1
95662,3,2,1294,191250,0,1,0,0,0,1
95832,3,2,1638,191675,0,1,0,0,0,1
95823,3,2,1677,195500,0,1,0,0,0,1
95621,3,1,1073,198000,0,1,0,0,0,1
95838,3,2,1231,200000,0,1,0,0,0,1
95758,3,2,1175,200000,0,1,0,0,0,1
95624,3,2,1416,200000,0,1,0,0,0,1
95835,3,2,1358,201528,0,1,0,0,0,1
95624,4,2,1609,204750,0,1,0,0,0,1
95842,4,3,1968,205000,0,1,0,0,0,1
95818,2,2,1089,205000,0,1,0,0,0,1
95608,3,2,1296,205900,0,1,0,0,0,1
95758,2,2,1189,207000,0,1,0,0,0,1
95815,2,1,795,207973,0,1,0,0,0,1
95747,3,2,1371,208250,0,1,0,0,0,1
95660,3,1,1310,208318,0,1,0,0,0,1
95632,3,2,1262,209347,0,1,0,0,0,1
95624,4,2,1740,211500,0,1,0,0,0,1
95843,3,2,1517,212000,0,1,0,0,0,1
95828,3,2,1450,213000,0,1,0,0,0,1
95624,3,2,1416,216000,0,1,0,0,0,1
95828,3,1,888,216021,0,1,0,0,0,1
95610,3,2,1882,219000,0,1,0,0,0,1
95757,3,2,1302,219794,0,1,0,0,0,1
95758,3,2,1418,220000,0,1,0,0,0,1
95608,4,2,1319,220000,0,1,0,0,0,1
95632,4,2,1770,220000,0,1,0,0,0,1
95842,4,2,1627,223000,0,1,0,0,0,1
95821,3,1,1040,224000,0,1,0,0,0,1
95660,3,1,960,224252,0,1,0,0,0,1
95662,3,1,1456,225000,0,1,0,0,0,1
95757,3,2,1450,228000,0,1,0,0,0,1
95648,3,2,1358,229027,0,1,0,0,0,1
95823,4,2,1329,229500,0,1,0,0,0,1
95823,4,2,1715,230000,0,1,0,0,0,1
95758,3,2,1262,230000,0,1,0,0,0,1
95829,4,3,2280,232425,0,1,0,0,0,1
95823,3,2,1477,234000,0,1,0,0,0,1
95610,3,2,1216,235000,0,1,0,0,0,1
95758,4,2,1685,235301,0,1,0,0,0,1
95762,3,2,1362,235738,0,1,0,0,0,1
